1662993084,Trần Đăng Bình,0777234432,Phong Điền,5.58E7,1111111111,2021-09-12T14:32:31.470Z,2022-09-13T04:53:26.298Z
1662998889,Lê Bá Lộc,0888222123,Quảng Điền,2.8E7,1111111111,2021-09-12T16:08:26.838Z,2022-09-12T16:09:18.056Z
1663032225,Hướng,0987987987,TP Huế,2.6E7,1111111111,2021-09-13T01:23:55.496Z,2022-09-13T01:24:13.738Z
1663042549,Lê Bá Lộc,0876876876,Quảng Điền,4.0E7,1111111111,2022-09-13T04:17:59.725Z,2022-09-13T04:36:16.261Z
1663045254,Nguyên Tứ Hạ,0987987987,Hương Trà,2.6E7,1111111111,2022-09-13T05:01:13.920Z,2022-09-13T05:02:31.134Z
1663064950,Tùng,0987987987,TP Huế,6.2E7,1111111111,2022-09-13T10:29:23.134Z,2022-09-14T01:32:41.308Z
1663123943,Trần Văn Cử,0765567456,TP Huế,7.65E7,1662630948,2022-09-14T02:52:45.942Z,2022-09-14T08:17:57.113Z
1663123996,Hà Nguyễn,0222333444,Quảng Bình,8.0E7,1662630948,2022-09-14T02:53:56.718Z,2022-09-14T10:13:10.089Z
1663147341,Võ Hồng Quang,0333233233,TP Huế,6.0E7,1662644999,2022-09-14T09:22:44.031Z,2022-09-14T09:23:10.824Z
1663150475,Hoàng Thị Tú,0789567232,Quảng Điền,8.367E7,1662712260,2022-09-14T10:16:45.422Z,2022-09-14T10:17:11.577Z
1663166993,Hướng Huế,0923423422,Hương Trà,1.479E8,1111111111,2022-09-14T14:50:47.063Z,2022-09-14T14:52:20.784Z
1663167168,Lê Văn Ngọc,0789654456,Hương Thủy,3.6E7,1111111111,2022-09-14T14:53:13.719Z,2022-09-14T14:53:47.251Z
1663232684,Trần Quốc Hướng,0987567456,TP Huế,6.0E7,1111111111,2022-09-15T09:05:09.295Z,2022-09-15T09:05:34.264Z
1663233189,Nguyễn Văn Khoa,0956745345,TP Huế,1.5E7,1111111111,2022-09-15T09:13:32.132Z,2022-09-15T09:13:49.966Z
1663064781,Tùng Test,0987987987,TP Huế,4.0E7,1111111111,2022-09-16T15:26:35.001Z,2022-09-13T10:26:45.806Z
1663147270,Tấn Lượng,0654345234,Đà Nẵng,6.5E7,1662644999,2022-09-16T15:37:40.397Z,2022-09-14T09:21:45.204Z
1663065150,Sang,0987987987,TP Huế,4.0E7,1111111111,2022-09-16T15:41:13.736Z,2022-09-13T14:19:40.154Z
